{
  "accuracy": 0.9741,
  "f1_macro": 0.9533,
  "f1_weighted": 0.9744,
  "roc_auc_macro": 0.9982,
  "confusion_matrix": [
    [
      58,
      2,
      0,
      0
    ],
    [
      1,
      57,
      2,
      0
    ],
    [
      0,
      2,
      94,
      4
    ],
    [
      0,
      0,
      11,
      617
    ]
  ],
  "per_class": {
    "Low": {
      "sensitivity_recall": 0.9667,
      "f1_score": 0.9748,
      "roc_auc": 1.0,
      "precision": 0.9831,
      "support": 60
    },
    "Moderate": {
      "sensitivity_recall": 0.95,
      "f1_score": 0.9421,
      "roc_auc": 0.9994,
      "precision": 0.9344,
      "support": 60
    },
    "High": {
      "sensitivity_recall": 0.94,
      "f1_score": 0.9082,
      "roc_auc": 0.9953,
      "precision": 0.8785,
      "support": 100
    },
    "Critical": {
      "sensitivity_recall": 0.9825,
      "f1_score": 0.988,
      "roc_auc": 0.9984,
      "precision": 0.9936,
      "support": 628
    }
  },
  "cross_validation": {
    "f1_macro_mean": 0.9469712271303091,
    "f1_macro_std": 0.010022963149730153,
    "high_recall_mean": 0.9057652711050104,
    "high_recall_std": 0.02076899464708443,
    "critical_recall_mean": 0.9835897435897436,
    "critical_recall_std": 0.0031704678617079673
  }
}